{
    "loss": 18.92658233642578,
    "accuracy": 0.5686274766921997
}