{
    "loss": 0.3244869112968445,
    "accuracy": 0.9313725233078003
}